{"cameraMode":{"drawMode":0,"name":"Shaded","section":"Shading Mode"},"sceneLighting":true,"audioPlay":false,"sceneViewState":{"showFog":true,"showMaterialUpdate":false,"showSkybox":true,"showFlares":true,"showImageEffects":true,"showParticleSystems":true},"in2DMode":false,"pivot":{"x":5.134026050567627,"y":4.138960838317871,"z":2.4624507427215578},"rotation":{"x":-0.09463637322187424,"y":0.8252965807914734,"z":-0.1453322172164917,"w":-0.5374108552932739},"size":2.36602520942688,"orthographic":false}